MedianRooms,MedianAge,Households,PerCapitaIncome,MedianNonfamilyIncome,LandAreakm2,Latitude,Areakm2,WaterAreakm2,CloudCover,HoursofSun,Precipitation,WindSpeed,Desempleo,Ti,pca1,pca2,MedianPrice
5.1,31.7,50803,29821,30948,2266.292,29.67574,2509.202,242.911,37,208,2.8,6,4.6,56.87772061733281,-0.7643166087692028,0.3050864338533417,201600
5.9,37.8,6448,24051,38529,1515.741,30.324442,1525.427,9.686,40,198,2.9,5,4.8,78.13569872393403,-0.6243527760104753,0.00588828768476351,158000
5.0,40.6,47432,30774,36278,1964.401,30.237563,2675.854,711.453,37,200,5.7,9,5.1,67.39340812675121,-0.6264995097878653,0.09367548137247188,195000
5.4,39.8,5882,21003,23239,761.357,29.946934,778.262,16.905,39,203,2.7,6,5.1,65.5176789037388,-0.7316777968733374,-0.10668201487153475,118900
5.5,47.2,148934,33662,37897,2630.558,28.298276,4032.599,1402.041,33,220,2.1,9,5.1,75.94280008776958,-0.9187829489986913,0.7732154171587967,220000
4.7,40.5,447453,34063,40473,3133.329,26.19352,3426.198,292.869,34,205,1.6,9,6.6,62.95795104730183,-1.10082340240956,1.8945321170635083,282400
5.3,41.9,2753,19512,19415,1469.389,30.388801,1487.464,18.075,39,198,4.6,6,4.8,78.47402597402598,-0.6107591180805977,-0.2794507294209425,91100
4.9,59.5,51016,33275,32749,1761.914,26.868826,2222.989,461.075,30,230,1.8,7,5.5,80.5529064860184,-1.074934528040321,0.29939135763409347,209500
5.5,56.7,40063,28174,27557,1506.586,28.843628,2002.823,496.236,33,225,2.2,6,7.1,82.00469538516616,-0.981007934415983,0.14238143531430092,144100
6.3,39.8,57587,32037,41787,1565.286,29.987116,1666.782,101.496,39,199,2.4,6,4.3,77.1859296482412,-0.648540558105805,0.27762691251336447,195900
4.9,51.3,98121,46785,43343,5175.636,26.118713,5969.962,794.325,31,214,1.4,7,4.7,70.46740624700278,-1.0092047754963946,0.8108951685836566,366600
5.2,40.6,15740,24569,26831,2065.708,30.221305,2075.43,9.723,38,206,3.3,6,5.6,72.21599854668766,-0.6933819257669972,-0.03432440403758636,128800
4.9,40.7,8306,18193,24778,1649.976,27.190581,1656.25,6.275,31,224,1.7,7,4.6,69.90185387131952,-1.101479905718272,-0.04713246488112693,103600
5.2,46.2,4320,19911,26005,1826.079,29.580899,2236.843,410.764,34,224,3.1,7,5.2,84.750907291323,-0.7917038634797867,-0.14044908625987132,85000
5.5,36.3,225060,32233,39458,1974.068,30.335245,2378.781,404.713,37,205,2.4,6,5.6,59.1674541837655,-0.7466073340653419,0.9090582780153561,195600
5.5,37.3,74083,29166,35882,1700.227,30.611664,2265.474,565.247,42,184,6.1,7,5.8,64.14499500719698,-0.4305720235843674,0.0370273109676333,157200
5.6,51.8,31591,32722,36014,1257.338,29.474894,1478.429,221.091,35,213,2.0,8,5.9,73.66612052999002,-0.8603896525805184,0.22652144131120125,232700
4.9,47.3,2926,26211,36551,1384.931,29.810176,2658.607,1273.676,34,214,4.5,9,4.7,76.07451246725526,-0.6954108211465976,-0.1022157133864464,193800
5.3,41.4,11268,21087,26807,1337.293,30.57917,1368.881,31.588,40,197,4.5,6,6.9,73.38410280818658,-0.597967319867206,-0.23931801081816545,98100
5.3,41.7,4463,22775,27524,905.659,29.723456,920.064,14.406,35,213,3.1,7,4.8,83.09318530766505,-0.7435316532648845,-0.10718773999031693,125900
4.8,47.9,3247,22128,24623,2087.554,26.95481,2555.925,468.371,31,227,1.2,7,5.0,77.27605565047597,-1.0882497528293111,-0.015480246253661798,72100
5.0,46.3,3940,27626,35237,1460.785,29.907257,1956.894,496.109,37,202,4.9,10,5.0,75.15537977237872,-0.6467225484337827,-0.11081467437537035,170700
5.3,40.0,3127,15532,24911,1330.711,30.491102,1344.349,13.638,41,199,3.5,6,7.7,72.80607685433422,-0.6774069336772691,-0.23566610559431023,85900
5.0,35.4,5838,20181,18490,1651.85,27.492846,1653.289,1.44,33,211,1.6,7,5.7,66.57684108916865,-1.0255876096414596,-0.043437481592483604,94100
4.9,35.0,9378,20122,27743,2985.609,26.53934,3082.075,96.465,31,227,1.2,7,6.7,70.80822403403049,-1.1027368179657109,0.022912141361427642,105900
5.7,48.8,51765,26520,30013,1223.869,28.567911,1525.558,301.689,34,221,2.5,7,6.2,78.64395815327187,-0.9290633020589507,0.155749551172964,158400
4.9,54.1,27169,27979,27050,2633.02,27.342627,2864.616,231.596,33,214,1.4,7,6.9,73.14914868140534,-1.001304848926251,0.1256888155630722,120500
5.4,37.4,338683,33616,39627,2642.341,27.90659,3278.314,635.973,30,235,1.8,8,5.4,61.42344355432999,-1.030426006346635,1.3963553047327784,233200
5.3,42.2,4939,19028,21278,1240.028,30.866222,1266.626,26.599,40,191,5.9,7,4.9,72.10285907629843,-0.4930721087340926,-0.351151592704262,86400
5.4,42.2,11459,21058,21951,2376.987,30.787812,2472.31,95.322,40,195,5.0,7,5.5,71.75407779171896,-0.48627392956922194,-0.22753999880922196,101300
5.6,47.3,3796,25795,26853,1549.059,30.424558,1648.618,99.559,39,205,3.7,7,5.4,74.48430853198491,-0.5928973684813512,-0.12112577984800622,137300
5.1,38.6,1655,17022,31923,1407.428,29.990066,1419.075,11.646,39,207,3.5,6,4.6,84.71929084001688,-0.6957977117873112,-0.18209896058712327,100600
5.4,47.0,94332,29426,33802,2430.396,28.764113,2996.523,566.127,34,218,2.0,6,6.2,73.7210721228202,-0.9377309751834432,0.41539943649985284,202500
5.1,48.8,187877,34818,38339,2031.879,26.552134,3140.26,1108.38,28,245,1.3,9,5.3,70.20019502472636,-1.104273965684718,0.9064797462862128,235300
5.1,31.3,61961,31778,33729,1727.139,30.45931,1817.626,90.487,40,200,4.0,6,5.3,55.33899283899284,-0.5908169273157712,0.21807825201356465,212900
5.2,47.0,10747,22772,22553,2896.139,29.284409,3659.121,762.981,35,218,3.1,7,5.5,79.95518234874042,-0.7799954515836375,-0.05869699774975682,119000
4.9,40.6,1602,19585,23564,2164.095,30.259849,2183.678,19.583,39,198,4.6,6,4.5,77.54982415005863,-0.595471649569866,-0.27824838840683874,83700
5.2,44.2,4075,18909,19298,1802.498,30.447228,1853.612,51.114,39,205,3.7,7,5.8,68.90986601705238,-0.6573146215579907,-0.21392536008395308,89100
5.1,48.8,99157,35146,35914,1924.182,27.481386,2312.027,387.845,29,241,2.0,9,5.1,71.05569115393796,-1.0143181155125345,0.5315417985763073,250700
5.3,48.7,94676,26990,28421,4103.956,29.202805,4306.141,202.185,34,223,2.3,6,6.0,73.38244605301436,-0.9020779951521564,0.3703357482846178,151700
5.3,52.7,40162,43758,40857,1407.565,27.079954,1949.817,542.252,35,204,1.8,9,4.4,78.82708670276351,-0.886517416507194,0.4440825396215396,293000
4.5,40.2,619475,29598,32089,4915.061,25.610494,6296.734,1381.673,32,214,1.3,9,9.0,54.64916049541427,-1.1404836063432982,2.3214262566441284,310700
4.0,47.9,19513,47382,49365,2546.689,25.601043,9680.143,7133.454,33,205,1.3,9,4.3,58.43517443845157,-1.0009998953990051,0.6681716056479402,558100
6.1,45.8,24357,37787,43105,1679.968,30.605926,1880.126,200.159,39,197,2.6,6,4.3,83.27010532764673,-0.570851349186186,0.22752641393151407,243700
5.5,36.9,51719,34357,40093,2409.329,30.665858,2802.57,393.241,42,184,6.3,7,4.4,66.77726672163556,-0.36465265637930383,0.06980511859423162,234600
5.0,40.9,9837,23133,25237,1991.463,27.385592,2310.028,318.565,32,220,1.4,7,4.9,73.9963052585018,-1.0174369999445811,0.04063539164337943,116500
5.4,35.3,309344,31409,42962,2339.87,28.514435,2598.431,258.561,35,211,1.9,6,7.1,57.65876482851544,-0.9323396013469247,1.2082403887918582,257800
5.3,36.0,81168,24146,34258,3438.086,28.059027,3900.278,462.192,34,217,1.6,7,8.5,64.3597784193731,-0.9157271444581296,0.3832649801794345,221600
5.3,44.5,139278,29498,31050,1934.426,28.302024,2249.285,314.859,32,228,2.1,7,5.6,71.71071292384622,-0.9836338212681555,0.5337224947423902,173900
4.8,48.4,232884,36754,37188,709.136,27.903122,1575.042,865.906,29,249,2.2,10,5.2,68.41013256332852,-1.041164346806835,1.09079711282039,219800
5.4,40.2,165183,25820,32157,4656.376,27.953115,5207.302,550.926,35,210,1.8,7,6.7,67.46945329263328,-0.9706025884235373,0.6859633963273388,162400
5.5,45.0,18179,22257,24855,1884.533,29.606006,2141.717,257.184,38,200,2.1,5,7.5,71.03672004417449,-0.7638730813449829,-0.045127147409005135,103400
5.0,56.6,117532,44402,41359,1439.691,27.184386,1878.632,438.941,28,246,1.7,10,5.1,75.31487161012329,-0.992675228048775,0.6821821970160321,269300
5.8,39.3,120049,36016,43571,800.879,28.690079,894.308,93.428,34,217,1.8,6,5.3,67.22327378328623,-0.8853855538346966,0.5874288930634955,263700
5.2,68.0,39605,35879,37241,1416.549,28.714294,1501.741,85.192,34,221,2.0,6,6.7,87.51462352209086,-0.9041268294792657,0.23506324952661786,267100
5.3,43.5,10655,23389,22571,1783.341,30.189244,1792.935,9.594,39,207,3.5,6,5.3,78.62548913934906,-0.6672317147471051,-0.12780393527142364,107100
4.9,43.2,5117,19492,22045,2702.148,30.016943,3191.386,489.238,36,212,3.8,7,6.4,75.47264234875445,-0.7001159533824072,-0.17520269563281346,81900
5.2,39.8,2873,20663,36070,630.806,30.05428,646.856,16.05,40,200,2.5,6,4.5,71.48002966415933,-0.667536387914631,-0.1278117164717842,112600
5.4,46.5,136510,29859,31908,2851.659,29.057617,3709.99,858.331,35,208,2.0,6,5.9,70.5339709774846,-0.8681097571471758,0.5931576865950879,194900
5.3,42.3,8362,28320,41141,1570.617,30.140378,1905.521,334.904,37,207,4.4,7,3.8,84.2691682470875,-0.5753405261107445,-0.05197557768853925,171200
5.1,44.1,20034,35996,35479,2687.436,30.631211,3210.536,523.1,40,188,5.8,7,4.6,74.68624679034073,-0.38624592545979103,-0.003514747595917807,245400
5.5,41.3,5945,19375,25629,1509.454,30.602217,1595.314,85.861,41,189,5.6,7,5.5,77.31371405499978,-0.5616127778313074,-0.3146642966533106,120800
5.8,41.8,66993,34175,35268,1439.268,39.469354,1740.023,300.755,44,183,5.0,10,10.8,68.3759659969088,0.2747349997650698,0.3640956417735456,216600
5.8,41.9,246196,52800,55939,603.49,40.95909,638.875,35.385,47,168,4.6,8,6.5,69.07606092173397,0.6182752093817543,1.20369136175138,477400
6.5,41.6,116972,44735,52105,2068.303,39.875786,2123.372,55.069,45,179,4.4,8,5.6,78.04632751458523,0.3926186241773858,0.6987701033250743,259600
6.0,38.8,126330,36559,38560,573.068,39.802352,588.685,15.617,45,179,4.3,8,7.1,70.26972959023428,0.2963912024885509,0.5590905657131832,200400
5.9,37.6,34348,28311,31419,1252.784,39.328387,1755.03,502.246,44,180,4.5,9,7.9,66.83396586513597,0.2610840892276026,0.1391528542692049,166400
5.0,37.7,187965,39695,36457,326.888,40.787217,335.742,8.854,47,167,4.5,8,8.9,49.58899349416663,0.5573731953000336,0.7788168695782419,395900
6.6,40.4,75282,40557,45235,833.99,39.721019,873.286,39.296,45,180,5.0,8,6.2,82.96252479209437,0.3623165385372012,0.4650096489488632,224300
4.1,35.3,160586,42822,61215,119.634,40.731384,161.39,41.756,46,170,5.0,9,7.6,34.25264316018718,0.48407855035816777,0.7395921618170695,400800
7.1,46.6,35085,58795,61739,1108.046,40.565283,1132.957,24.911,49,156,4.3,8,4.9,86.75926462432435,0.8910487034686692,0.5964934775642061,418700
5.9,38.8,87704,44532,42757,581.601,40.282503,592.819,11.218,46,173,5.0,8,5.5,66.30403468488385,0.5700610863731154,0.5139774196143291,290100
5.6,39.0,208863,40933,50876,800.083,40.439593,836.118,36.034,46,170,4.4,8,6.2,65.83410101233223,0.4300193429097528,0.9159255714298232,351400
6.3,43.4,162745,53886,53855,1214.167,40.287056,1723.169,509.002,45,174,5.2,10,5.9,78.34929455572383,0.4983821556137353,1.0177255465318935,435300
6.7,42.8,130676,58981,64115,1191.852,40.858581,1247.403,55.55,49,154,4.4,7,5.3,77.9557862519646,0.8969127168928046,0.8942607163986805,462100
6.0,42.4,150317,37041,39558,1628.535,39.86585,2370.877,742.342,44,184,4.5,11,6.1,78.63917698929245,0.3536086995579003,0.7722769496057137,286700
5.1,37.3,123240,33863,43436,478.093,41.033763,510.5,32.407,50,154,5.0,7,9.1,53.03709009096501,0.7218954915471448,0.4228896875674686,352000
6.0,42.5,15753,33575,33262,859.614,39.573828,964.327,104.713,44,179,4.1,8,7.1,71.6375177919932,0.3080240737915228,0.1266727170799161,185700
6.4,41.8,85667,58021,60374,781.693,40.565522,789.576,7.883,47,165,4.8,8,5.4,78.11574135194299,0.6593599525514131,0.7509727791180686,436700
6.4,44.9,38568,46124,56064,1344.239,41.137424,1387.567,43.327,51,146,4.8,7,6.3,86.20072071294477,0.9606243334130027,0.31122681232002875,271500
5.6,38.9,138620,42606,45978,266.393,40.659871,272.988,6.595,46,169,4.2,9,7.2,61.68208775141784,0.430430549417467,0.6742773286549784,378700
6.3,44.5,28311,40626,47643,924.412,40.853524,939.796,15.384,49,156,4.7,7,5.9,77.02933266500227,0.8267604508001023,0.19812707746868005,265700
5.6,37.9,71314,38592,45167,1354.056,42.588271,1381.246,27.189,53,124,4.4,7,5.2,62.05242579246478,1.059487433921278,0.34679405024034393,230300
5.8,39.3,11553,26030,30455,2665.895,42.247894,2679.048,13.154,75,54,3.6,9,6.0,81.34486580253457,1.388531594824917,-0.2115911567501647,78400
5.9,39.7,46354,29721,30638,1827.926,42.161977,1853.174,25.249,71,64,3.8,9,6.3,68.567630515029,1.352047323322425,-0.019974204892717184,120200
5.8,42.5,20244,26797,27564,3388.612,42.244853,3425.222,36.61,76,52,4.3,10,6.3,75.95262824230817,1.4542765824228492,-0.22192160094804778,90200
6.1,43.2,19068,30996,34498,1791.19,43.008546,2236.898,445.708,71,67,4.3,10,5.4,74.43007286802485,1.3250249804983365,-0.10058441746788309,131700
5.9,42.8,32567,27061,26674,2745.974,42.304216,3885.457,1139.483,73,56,5.3,14,7.3,71.91653964039271,1.3578716272589917,-0.11995634411237495,92900
5.9,41.3,20953,29959,32564,1055.036,42.155281,1063.913,8.877,67,73,3.7,9,6.4,69.45737214158135,1.2673132151862825,-0.1351235160455602,108900
5.8,44.8,12880,28780,28489,2314.28,42.489732,2327.441,13.161,72,62,3.7,9,5.3,77.85177595628416,1.4148537369556566,-0.16564565485350063,102300
5.6,40.3,18958,29960,36846,2688.025,44.75271,2894.381,206.355,63,91,4.0,7,5.5,71.23884051581616,1.5956027779939412,-0.06821655224446035,139600
5.7,48.5,16205,40475,40253,1643.879,42.247729,1679.0,35.121,52,134,3.9,7,4.4,75.90507956361616,1.0190941962178732,0.1170115925088377,236500
6.0,36.4,11624,28407,34728,1291.783,42.593824,1298.927,7.144,70,67,4.0,9,6.2,68.81016557566423,1.4559225467290298,-0.18444821089342409,126700
5.5,48.3,11587,28139,30004,3735.903,42.193987,3800.668,64.766,71,72,4.0,8,5.4,75.9870748620218,1.432735796518895,-0.13526968660472846,144000
5.9,42.5,72055,42309,44857,2060.672,41.755009,2137.64,76.969,51,142,4.4,7,5.1,72.5874572836583,0.9738382945693627,0.4278855484930298,290700
5.9,40.2,228440,35050,36586,2700.563,42.752759,3177.537,476.974,71,61,3.8,10,7.4,69.07999582800151,1.2816344842786116,0.7505724441599035,160700
5.6,48.3,10209,33906,36665,4647.03,44.108971,4963.007,315.978,64,88,3.8,6,5.6,76.50633790588644,1.4765096088020735,-0.014540141057862993,160400
5.8,40.5,11882,26886,32312,4219.398,44.594374,4396.43,177.032,74,68,4.1,8,5.6,75.28453470207543,1.8557554203815874,-0.16912582530077494,110600
5.7,44.2,14552,29984,32330,1283.259,43.115609,1380.152,96.893,59,102,4.6,8,6.1,69.81182590071138,1.2436716012550153,-0.14352155635981895,120100
6.0,43.0,14977,30846,34011,1276.698,43.00091,1282.84,6.143,71,61,3.4,9,5.1,76.16908850726553,1.2956305205865917,-0.15255059848319816,125200
5.6,46.7,10701,30970,32753,1676.14,42.286951,1704.341,28.201,53,130,4.4,7,5.8,78.40666575852518,1.15898370533886,-0.06186617708694491,185600
4.8,55.5,939,28758,37417,4447.976,43.657879,4682.19,234.214,66,86,4.0,7,6.1,82.7506367214633,1.505453571146063,-0.08513001787691327,170500
6.0,44.3,15791,29540,32590,3655.689,43.461635,3776.09,120.4,75,62,5.8,9,7.0,76.91165062965226,1.7901491489423524,-0.17801370297120145,106600
5.5,32.8,28391,28120,34213,3285.632,43.995371,4810.181,1524.549,69,75,4.2,11,5.9,57.93936622267955,1.44276422801061,-0.004798235205475259,150100
5.5,42.2,7111,27770,36293,3301.404,43.786397,3340.985,39.581,71,71,4.7,9,5.8,82.99509879001378,1.728254928632539,-0.2293662814336731,122800
6.1,41.5,15535,30523,33974,1636.257,42.727485,1658.263,22.006,68,64,3.1,9,5.2,79.54768068285173,1.2623039296245517,-0.11787671993005919,134000
6.0,42.3,16675,32443,33730,1696.033,42.910026,1712.715,16.681,69,74,4.2,10,5.4,80.48417245414343,1.400497886757995,-0.091145207710848,140000
5.9,39.0,183050,35339,37272,1702.154,43.464475,3539.813,1837.659,68,66,3.4,10,6.5,67.21392527580576,1.269854224031163,0.6193009001538042,152000
5.9,40.9,12251,27346,31467,1043.876,42.900891,1062.815,18.939,63,87,4.6,8,6.5,70.0240454375855,1.2837953470502574,-0.19160173512967207,110700
6.6,41.9,346312,53363,54188,737.411,40.729687,1173.872,436.461,46,172,5.0,11,5.3,83.36638301311311,0.5328411883486699,1.6014193983287526,524400
5.9,43.4,55242,31762,33769,1352.904,43.456731,2951.73,1598.827,69,63,3.5,12,7.1,75.49252906709057,1.2403121105117667,0.07632715810278565,131600
5.9,40.8,57270,30678,34697,3140.176,43.242727,3257.314,117.138,70,70,5.3,9,5.9,71.36045230046992,1.6534800756945243,-0.012419682863535415,133100
6.0,39.2,113106,34600,38667,2016.02,43.00653,2086.541,70.521,70,70,4.1,10,6.0,68.86909824643949,1.3470728573950865,0.29475266650802423,148100
6.1,43.8,29061,37044,39538,1668.122,42.856695,1715.936,47.814,68,67,3.2,9,5.1,76.58692395390689,1.2706042510163333,0.006756620046075103,163100
6.0,37.1,91759,35616,41631,2102.257,41.40241,2172.079,69.822,51,146,4.5,7,5.6,70.4626784551555,0.9327820031041789,0.4092601805643659,278400
6.2,43.4,11047,26894,35065,1013.357,43.502287,2117.113,1103.756,69,63,3.8,12,6.0,77.62328858168284,1.324045082299452,-0.20013973390195022,101400
5.9,40.6,30267,30026,36492,2464.761,43.461443,3398.279,933.518,72,70,5.4,11,6.5,73.97324592487597,1.639886896636808,-0.12024481831177128,109500
5.9,42.0,14714,30223,35347,2594.392,42.629776,2630.786,36.394,69,72,4.0,9,5.5,76.280806848226,1.4781252536033478,-0.11530138195614831,150700
6.3,44.2,26354,47533,54060,596.504,41.427904,637.787,41.283,48,155,4.8,7,4.8,84.83400506918187,0.8703795406585298,0.3861356021674188,366400
5.7,39.9,39401,37011,43887,1689.789,42.710421,1723.361,33.571,55,122,4.3,7,5.0,67.0491706973192,1.1418772660391616,0.16551776707983074,197100
6.4,35.9,75714,39923,50530,449.493,41.154785,516.293,66.8,48,160,4.6,7,5.2,66.60772178013558,0.741758538884814,0.5194240137507717,452500
6.0,42.9,62035,45624,50801,2097.849,43.106135,2185.452,87.603,55,122,4.6,7,4.4,77.34293994097786,1.2396069621270818,0.3620271190150369,266000
5.6,39.9,33599,33379,42475,529.694,42.817542,542.308,12.614,54,124,4.2,7,5.8,68.79118102697419,1.062429158470748,0.07673775789511925,172500
5.5,45.8,8046,32352,35015,1610.504,42.591294,1622.181,11.677,66,84,4.2,8,5.2,77.22749053379351,1.2717055010896132,-0.1316941182958534,142600
5.8,46.8,4574,28844,33731,850.379,42.419776,886.626,36.246,67,71,3.5,9,6.5,75.36437361764872,1.2622186627136596,-0.23969335674014147,127000
6.0,41.9,8279,28703,33307,838.393,42.782294,1011.232,172.839,67,72,3.6,9,5.6,75.3998525593769,1.2299637224114228,-0.2022375428820249,107500
6.0,42.9,25921,30844,31827,3601.532,42.266725,3636.559,35.027,70,67,3.2,9,5.8,76.04394670293473,1.2876671283451877,-0.06289025692419586,104200
6.4,41.7,361133,46466,52678,2362.201,40.943554,6146.386,3784.185,48,158,5.7,14,5.3,84.19723174826676,0.5606293820164289,1.7191658364487499,413900
5.4,42.8,17925,32346,36320,2507.45,41.720176,2581.5,74.049,55,125,4.8,7,6.0,67.83084133006025,1.1539024630062091,-0.047457740683917934,175900
6.2,44.8,13860,32298,33266,1343.172,42.178057,1354.253,11.08,68,74,3.6,8,5.2,81.40802137920954,1.2375072691735483,-0.12922323316085202,119800
5.4,31.3,21416,34194,36860,1229.334,42.453281,1273.129,43.795,71,68,3.9,9,4.2,59.02263258642044,1.398416852556405,-0.04489202535258941,218700
5.6,44.1,42244,35816,38063,2911.756,41.947232,3006.355,94.6,51,145,4.3,6,5.4,71.72090345332198,1.0228329217548435,0.17942387567483944,239400
5.7,46.9,17369,38740,40140,2245.396,43.555105,2412.845,167.449,58,111,4.2,6,6.1,73.5038953240309,1.3587892776189812,0.0518445855161187,208600
5.6,44.2,15236,29014,34697,2152.756,43.312377,2190.839,38.083,55,120,4.0,6,5.1,75.46077789644124,1.265906776071492,-0.07169918751431319,151500
6.1,43.9,24664,32513,32137,1563.903,43.458758,3582.085,2018.182,70,66,4.5,12,5.2,81.66941663087947,1.3439093727798668,-0.05571291428733747,130000
5.3,41.1,242970,57953,50214,1114.982,41.15277,1294.982,179.999,47,165,5.0,9,5.8,63.85924002331868,0.7024171995816076,1.2503682327888732,544100
6.3,42.9,10544,29734,36969,1535.206,42.701363,1544.377,9.171,70,60,3.7,10,5.6,80.52224319940436,1.4347145993572255,-0.2261906300568658,118800
6.0,40.7,5892,28001,32394,875.786,42.638237,973.291,97.505,67,71,3.6,9,4.7,78.35981288718446,1.2700652789450626,-0.2234902586191488,142300
5.4,39.1,42129,27944,31205,1098.008,36.041974,1125.965,27.957,42,197,4.5,7,5.6,68.5382333451003,0.025591635515612707,0.04655277195469599,160900
5.5,43.9,10248,27446,25389,673.381,35.920951,682.851,9.47,40,206,4.6,5,5.0,75.10782158657726,-0.0303987322611222,-0.15377608334682974,138900
5.2,50.6,3370,26026,24577,608.801,36.489356,612.656,3.855,46,181,4.3,7,5.9,75.52792759850078,0.22340756841310425,-0.27779755550482305,150500
5.5,41.5,5751,22483,26122,1376.453,34.974996,1391.066,14.613,41,201,4.7,6,6.8,65.26334331513122,-0.24002665850672408,-0.17618024213516306,104100
5.2,48.6,8051,25282,24061,1103.684,36.436305,1111.801,8.117,48,174,4.6,7,4.8,78.24793886232729,0.3197623472866038,-0.24740107077665216,158200
5.2,45.4,4413,24036,24043,639.952,36.072894,640.319,0.367,48,173,5.1,6,5.1,78.83749195681705,0.3736745530265943,-0.32877921250070624,151800
5.3,46.5,13244,28077,24075,2142.418,35.482313,2481.766,339.348,41,194,4.6,7,5.4,72.92104022963883,-0.08401419978926151,-0.01183626290412587,138000
5.4,46.2,4714,22245,18611,1811.1,36.06133,1919.826,108.725,42,198,3.8,7,5.8,69.30962224613467,-0.09083736320019253,-0.1436549893552349,78500
5.5,44.8,8631,24752,24948,2264.499,34.591949,2297.729,33.23,40,199,4.5,7,6.2,73.20425116051796,-0.21953233831954305,-0.11649534531644679,98700
5.2,54.7,41251,34528,33045,2193.65,34.038708,2719.031,525.381,41,193,5.3,9,6.9,80.47834471027298,-0.2677674937765704,0.2000050419963156,220400
5.5,42.3,60615,33835,34258,1700.773,35.609371,1709.757,8.985,43,195,4.6,5,5.1,66.27700831024931,0.09299952122993892,0.14112022780090808,250600
5.2,44.3,23459,25053,26421,1313.381,35.746182,1334.039,20.658,40,207,5.0,5,5.3,75.66256236554217,-0.026473246586712795,-0.1762841164604469,120600
5.8,38.0,53261,33548,40799,936.925,35.387845,943.958,7.033,43,196,4.9,6,5.1,73.77340596390394,-0.09551426835477007,0.18061398304617485,219100
5.3,45.1,22563,24666,25349,1221.35,35.957857,1228.465,7.116,40,207,5.0,5,6.0,72.78592664783311,-0.0179072977145642,-0.1755237163421444,125200
6.2,41.8,3183,28596,33114,623.038,36.342344,803.45,180.412,40,204,4.6,9,4.8,80.64971751412429,-0.016893864256944877,0.04654620598037397,221000
5.4,49.2,19265,34038,31021,1311.185,34.858313,3472.204,2161.018,39,195,4.4,11,4.9,72.79744086400189,-0.16862124482324797,0.22783931802644583,226700
5.5,46.2,6186,24121,21169,1100.542,36.393097,1109.167,8.625,40,206,4.4,6,6.1,77.22103104316211,-0.10517838552980496,-0.1311976633112552,113600
5.5,41.6,42898,29364,29164,1032.684,35.663182,1070.741,38.057,41,201,4.9,5,5.4,70.55069935675853,-0.01668481094991381,-0.02002507458066913,156200
6.2,47.3,20719,45036,35787,1766.852,35.704994,1838.455,71.603,41,203,4.4,6,4.2,77.59217706861686,-0.0177065959852369,0.22641597823999582,310000
5.2,52.1,8167,24024,25593,1179.547,35.136233,1208.81,29.263,49,167,6.8,5,5.9,80.70225623055745,0.15673704189840504,-0.3992222800860991,163900
5.5,46.2,4137,27254,30649,446.702,36.127288,604.239,157.536,42,195,4.4,8,5.5,66.25118448866536,-0.02822483803521813,-0.11600095152407813,139500
5.3,53.6,3171,32744,26685,556.201,35.052997,571.425,15.224,48,170,7.0,5,6.0,74.29961264750924,0.24009584077091994,-0.380687820523979,197600
5.6,41.9,24337,23061,23240,1202.408,35.33463,1212.765,10.356,42,197,5.3,6,6.2,67.69277246494573,-0.043187726625926764,-0.1675522665839551,130000
5.5,41.9,14313,22426,20971,2427.578,34.260471,2469.916,42.338,39,202,4.2,7,7.0,72.0970833254265,-0.23317719324458352,-0.09434187141815438,94800
5.7,37.6,26906,29908,31300,1836.192,35.118179,2005.068,168.877,41,193,4.1,6,5.5,64.29528403001072,-0.1007370293595873,0.07208162914596443,161200
5.5,31.4,79010,25648,32355,1689.488,35.050192,1705.163,15.675,41,198,4.5,7,7.6,53.29315337238146,-0.2404791194394731,0.2061117657366382,139700
6.5,43.0,7706,34726,40719,678.194,36.372174,1363.868,685.674,40,204,4.6,9,4.7,85.05738642654168,0.03374652601473323,0.1860460260721567,263400
5.2,47.5,10284,36532,40537,993.052,35.606269,4047.022,3053.97,40,196,4.5,12,6.9,76.57302447839658,-0.05922391497636146,0.2732996833185485,297200
5.5,42.5,46889,26616,27765,1431.421,35.795123,1468.57,37.149,41,199,4.7,6,5.3,72.28820701237441,-0.022076697883326175,0.006619021582699482,149500
6.1,45.8,11448,32638,38020,684.029,35.929356,691.756,7.727,42,202,4.7,6,4.8,79.52854773750296,0.03403623455418657,-0.04172556167060631,177100
5.3,40.7,14485,21145,26436,2113.999,34.934403,2128.127,14.128,42,193,4.3,7,4.9,71.01075195295807,-0.18090175200811628,-0.0820294648670957,89500
5.3,35.5,74763,36759,43493,740.673,36.036589,771.471,30.798,42,198,4.3,6,5.0,57.97743302287765,0.02751854989721075,0.3163300270626745,241800
5.3,41.7,14346,21595,21756,1308.815,35.917055,1312.217,3.402,40,202,4.0,8,9.0,60.27144218242626,-0.14122574304838073,-0.09917905929177785,88500
5.5,38.4,92950,31201,32677,1057.097,36.131667,1068.878,11.781,41,204,4.7,6,5.7,65.01106125458844,-0.015359964377259451,0.22867104426732512,163800
5.7,41.3,18813,27588,34147,1273.451,36.088241,1280.746,7.295,41,201,4.1,7,5.5,72.6237571637009,-0.055093015598978314,0.022371179831248544,161500
5.4,40.0,56299,28526,29242,922.106,35.293344,943.02,20.913,42,198,5.3,6,6.0,67.23612542994518,-0.14376168886096302,0.03470920859678465,156800
5.9,47.2,3074,26053,38838,881.748,36.442135,895.326,13.578,40,204,4.0,7,5.1,76.88148600331385,-0.014280685848238358,-0.09072117789907841,142400
5.2,46.4,2295,23034,22336,756.482,35.348111,781.31,24.828,48,170,7.0,5,8.2,85.02323364708685,0.23066134614533804,-0.47025766759002385,119000
5.9,43.1,15563,27723,33767,1376.759,36.299884,1389.525,12.766,41,202,4.2,6,4.5,76.25944135670515,0.055600555892742924,-0.02594521061998959,168900
5.4,40.5,4677,19415,22069,688.749,35.481933,689.971,1.222,41,197,3.9,8,4.8,69.14997292907418,-0.17624369470500206,-0.13561603821998466,87500
5.5,37.4,129970,31798,35354,1672.365,36.079065,1703.248,30.884,41,205,4.5,7,6.4,61.66379616719976,0.006520534420198999,0.40717008396116205,172900
5.3,43.9,13699,21902,19554,1875.375,36.251438,1893.746,18.371,40,204,4.1,8,8.0,61.11358394367337,-0.1109771550566362,-0.11265511832600382,85800
5.9,34.7,31740,24693,30858,1541.009,35.368635,1557.37,16.361,40,202,4.3,7,6.1,64.80554368398559,-0.1660110672847697,0.050219603893994325,160700
5.4,47.7,17221,30336,28844,1434.055,35.557097,1436.472,2.417,54,157,6.0,6,5.2,74.85215294635148,0.31689572687710327,-0.22174792772298565,185600
5.7,47.6,33448,32306,33879,966.242,35.336424,971.844,5.602,40,208,5.5,5,4.8,75.5079488005012,0.020619912324600375,-0.0467837805369529,232000
5.5,42.8,5296,21715,28047,914.422,36.363517,933.313,18.892,40,204,4.0,7,6.6,64.95905453191885,-0.04973026625297489,-0.14639473233282208,89800
5.7,33.0,12403,23066,27897,1012.022,35.017233,1016.042,4.02,41,199,4.4,7,7.1,68.91838538043581,-0.20653140637024525,-0.0638594221794316,146200
5.3,40.9,1468,17942,24914,1586.885,35.408157,3688.209,2101.324,41,194,4.6,7,6.3,56.89731159100926,-0.09413854377386961,-0.11280521901579361,122300
6.0,40.8,49826,35261,34616,1486.221,35.806356,1545.971,59.749,41,202,4.9,6,5.3,73.16225939208323,0.029611227695126707,0.10151888812622663,200800
4.8,38.5,9921,25738,31532,1271.049,35.286463,1280.865,9.816,49,169,5.7,5,5.2,61.28252273127976,0.253230480721798,-0.27890416362990916,206900
5.8,38.4,51865,29327,32490,2049.455,35.513405,2060.346,10.891,41,199,3.9,8,4.9,75.37811332734768,-0.13469615807512633,0.20926917902326278,180200
5.4,48.1,2621,22917,17328,1219.129,35.03216,1225.622,6.494,40,197,4.0,7,4.9,75.97639484978541,-0.16991288880155164,-0.15396009052257073,92200
5.5,39.4,15527,25502,30984,660.342,35.476075,670.918,10.577,42,199,4.3,6,6.1,63.37152263921914,-0.028197228076821648,-0.10321797892133362,145600
5.2,42.3,14022,24894,23760,1037.527,35.238062,1043.296,5.768,40,200,4.2,7,5.5,58.14667465983614,-0.17766165780159943,-0.10424682513485996,94000
5.9,43.6,23783,33197,30682,771.656,35.487825,795.233,23.577,44,189,5.3,6,4.8,77.53843584880904,-0.03664554949154861,-0.04527908725817052,187000
5.1,50.4,9945,29549,22971,1335.29,35.152959,1345.985,10.694,48,178,7.3,5,5.0,74.30852744349025,0.24482409446200978,-0.34530844276719797,171700
5.6,44.6,5315,27184,21027,1164.38,35.86408,1169.216,4.837,49,170,5.0,5,5.1,77.26475745178259,0.28552172312355084,-0.25821607133220464,200700
5.7,46.4,6199,24108,26051,1194.547,35.841059,1195.302,0.754,41,200,3.9,7,6.1,65.14707189193992,-0.07470395117122659,-0.15177078896630494,86400
5.5,44.2,13340,25432,25895,1141.169,35.682232,1155.126,13.957,41,204,5.5,5,5.4,74.5621765755994,0.0655464698028923,-0.2514922215110585,129400
5.6,35.2,256164,40627,48524,1356.746,35.246862,1413.899,57.153,42,199,4.5,6,5.7,59.73095382951396,-0.1254302149519474,0.9840801337391478,253500
5.4,47.2,4074,26975,25402,573.488,36.013102,575.202,1.714,49,177,5.5,6,6.1,77.79677242888403,0.3441469127441883,-0.3116524340813497,164200
4.9,43.9,7017,23863,23064,1273.652,35.338071,1299.641,25.989,41,200,4.7,6,5.5,72.33416172815905,-0.017882881604183606,-0.20710707506300238,120500
6.1,44.1,26473,36184,34175,1807.404,35.310163,1828.151,20.746,41,200,4.6,6,5.4,78.02249440704458,0.0038845229969710422,0.11660185664208303,229400
5.5,41.7,25100,27286,26380,1399.646,35.965945,1405.764,6.118,41,197,4.2,8,6.7,66.77398722993702,-0.08973974943085165,0.016993060988239293,133900
5.4,49.9,5321,23946,24351,1389.758,36.421774,1426.059,36.301,40,204,3.8,8,6.9,70.71823204419888,-0.09006894662488837,-0.12780767601370172,83600
5.5,26.5,47027,24817,35210,1975.497,34.76346,2346.304,370.807,39,195,4.2,8,5.9,55.09779208210483,-0.1843409266821447,0.11609179939904535,162400
5.7,35.1,32907,42872,40837,1030.706,36.062499,1039.692,8.986,41,201,4.4,6,4.2,67.21088030031059,0.11856007512618329,0.27791170823384853,331800
5.2,54.0,3534,28257,19941,871.627,35.147462,1467.876,596.248,39,199,4.7,8,4.8,77.58793969849246,-0.12164962272476772,-0.06726368643598929,161600
5.8,39.6,9825,26898,26199,587.617,36.265276,749.638,162.021,40,204,4.6,9,6.3,61.24047644597059,-0.028935102930261303,0.004639198728253609,166600
5.7,42.7,15165,30666,32416,2252.759,34.512581,2415.904,163.146,41,192,4.2,6,5.0,79.89488598919205,-0.11443276396648801,0.0660608629554343,198100
5.9,50.2,4084,28160,30432,639.957,36.178261,852.018,212.061,40,203,4.3,9,5.9,78.12290502793296,-0.011713236855371196,-0.0522671712165109,173200
5.8,43.6,10746,31605,30242,1016.109,36.386387,1046.559,30.45,41,202,4.3,6,5.5,79.42554335304509,0.09569319856363537,-0.06339829102654261,134100
5.1,32.7,42411,27599,33035,1688.606,35.591065,1695.988,7.382,40,199,4.1,8,5.7,54.22799222438211,-0.11100446775111103,0.10437885224324425,146700
5.7,53.7,5564,32327,32737,615.871,35.278928,617.803,1.932,39,210,5.5,5,5.1,78.79858657243817,-0.020159239151573832,-0.17793971469505468,222700
5.5,41.8,39042,25246,27672,2026.711,35.709915,2044.407,17.696,42,201,4.6,6,5.4,72.96747251818624,-0.08517557777020272,-0.03359779747313866,128800
5.3,40.8,12024,22068,20039,1227.192,35.001957,1242.982,15.791,41,201,4.9,7,8.1,69.33213329640911,-0.2019789206373933,-0.19504446069094622,88200
5.2,36.7,30468,19388,19334,2458.47,34.63921,2463.045,4.574,40,202,4.6,7,8.1,66.98956373769622,-0.2703496309500369,-0.10033371364854222,75600
5.5,45.0,25659,25268,26378,1464.77,36.380927,1483.3,18.53,40,203,4.5,6,6.2,69.83662575796491,0.008421455597463321,-0.11184209136313282,114900
5.5,40.3,36796,26789,29128,1324.451,35.639218,1356.441,31.99,42,198,4.8,6,5.8,71.28831031907572,-0.10279159755363196,-0.039313190192785966,146600
5.6,45.2,17592,24308,22782,1461.144,35.402747,1465.544,4.4,41,202,5.3,5,7.3,72.15211121453969,-0.034509802654379536,-0.22428091526473093,125100
5.7,40.3,16139,23502,23012,2446.866,34.990575,2451.671,4.806,41,194,4.0,7,5.1,71.33365508365507,-0.1742734079828343,-0.07092266191171032,97500
5.2,39.1,8211,20975,21606,825.804,34.840023,829.635,3.832,39,208,4.3,7,10.5,59.63106618208472,-0.2861313084839178,-0.20273008350035374,87600
5.4,42.0,16640,26956,29165,1023.267,35.310523,1048.529,25.262,42,199,4.7,6,4.9,74.96121315249486,-0.09136331827306929,-0.09675682570572387,150400
5.5,46.6,13074,27979,31618,1162.535,36.404195,1180.074,17.539,41,206,4.7,6,5.1,78.55861839920291,0.034341688087353175,-0.13773830012412122,145000
5.3,44.0,19808,26074,20168,1378.304,36.415416,1389.02,10.716,40,206,4.8,6,5.0,74.96017929887374,0.0384884526787378,-0.1504027550220517,129700
5.1,42.3,3863,24234,22202,1367.504,35.568849,1400.263,32.758,46,180,5.6,5,5.2,73.09375224158956,0.20347573373632244,-0.3425171855340851,149300
5.0,51.9,9799,30577,32223,980.383,35.210095,985.524,5.141,40,206,5.7,5,4.8,74.98700901727037,0.01094351420599683,-0.2070872693077636,231300
5.5,46.7,1087,21129,20982,1007.595,35.87042,1539.018,531.423,42,195,4.4,8,8.2,72.786783042394,-0.010127683375125165,-0.18535542979042466,110900
6.8,38.6,62077,37667,39404,1635.63,34.991501,1656.366,20.736,42,195,4.6,7,4.6,82.43940263723836,-0.023616212820669436,0.2882938572811852,254100
5.4,40.6,10932,23911,22995,656.607,36.365481,698.83,42.223,41,201,4.2,7,8.7,58.1434003506455,0.029811381608114217,-0.17251687868504384,103700
6.0,36.4,270784,42721,52013,2163.206,35.789846,2220.453,57.247,40,204,4.2,7,4.8,67.16180703642175,0.05970971712518991,1.1206752805130604,301600
5.4,48.1,5013,25340,22271,1109.696,36.397979,1149.338,39.642,41,201,4.2,7,8.4,69.92081628314821,0.04432166884105734,-0.1961108839757814,89500
5.3,46.9,2819,23249,18344,901.665,35.844589,1097.758,196.093,40,200,4.2,7,7.2,64.90896599106836,-0.08616179071364614,-0.2137351706958816,86400
5.4,32.7,11125,27962,26306,809.516,36.235371,811.838,2.322,44,189,5.2,6,4.4,60.94624521844172,0.2638048597063002,-0.1634283728909524,246000
5.6,37.6,32136,26362,29439,1432.489,35.362741,1442.241,9.753,40,201,4.2,8,5.6,63.75887816426881,-0.14109157533708797,0.012472560813831867,125900
5.3,45.1,19256,25634,22273,1953.571,36.209303,1960.415,6.843,41,204,4.9,5,5.3,77.33426254059104,0.09976123163130596,-0.18736669709961332,129200
5.3,40.5,20655,24656,24539,953.567,35.704125,967.963,14.396,40,202,4.2,8,6.8,59.75236453140423,-0.1081965574554149,-0.05213422934472802,127100
5.4,44.4,10345,26907,27214,867.204,36.158765,874.136,6.932,40,208,4.7,6,4.9,78.4560047243249,0.007186537262214403,-0.17592333936944293,138500
5.4,47.9,5057,25767,21891,809.623,35.889504,811.082,1.459,49,172,5.4,5,5.1,73.16220028208744,0.28240488178137835,-0.3354211544549169,166900
5.5,44.6,6306,25598,22192,1270.348,34.213809,1323.464,53.116,42,194,5.9,6,5.2,75.77432694742173,-0.22943695452856078,-0.24394838058071658,100700
5.9,41.1,45291,29470,30623,2773.965,33.549317,2798.729,24.764,41,198,4.9,8,4.1,73.91070500140438,-0.3051959955325883,0.12421074628566235,153700
5.6,44.7,2051,16985,17347,1056.949,32.979784,1068.157,11.208,42,190,4.9,7,9.5,66.28689798032109,-0.38816280840913553,-0.30254159931972846,47100
5.7,40.7,53809,28931,28840,1852.945,34.519549,1961.751,108.806,43,193,6.4,6,4.6,74.28149437031492,-0.07026576289276074,-0.02205831681826076,153600
5.9,41.5,3344,19814,20417,1018.822,33.203021,1024.501,5.679,41,198,5.0,7,8.8,72.95219244823386,-0.3450233128284409,-0.20469319782832193,78900
5.6,41.6,5267,22339,21404,1420.33,33.26068,1443.303,22.973,40,198,4.8,8,7.6,73.36307382357174,-0.3560279608534284,-0.1796873349159049,87600
5.8,46.2,50858,41070,43811,1492.559,32.358147,2391.586,899.027,38,205,3.8,8,4.3,72.69512954490077,-0.44185119054097544,0.3749718142165908,309600
6.0,36.5,56376,30655,41811,2846.025,33.2077,3183.708,337.683,39,200,4.8,7,4.5,73.02084048223641,-0.3489835829641828,0.24114377723055394,197300
5.8,46.0,4055,26492,24114,987.177,33.67478,1016.528,29.351,40,200,5.0,8,5.6,81.5510430383256,-0.2785266259535737,-0.11712683011960674,104500
5.5,38.0,93812,43141,43631,2372.659,32.800458,3517.194,1144.535,39,203,4.7,9,4.8,64.61270406423999,-0.3748185264344676,0.6105867283689138,334600
5.4,39.3,11465,21636,21777,1016.982,35.049796,1028.687,11.705,43,195,4.8,6,6.4,73.71190840237529,-0.08593712050325235,-0.2234188880308273,98300
5.6,41.9,8529,22955,21692,1503.895,34.689345,1518.157,14.262,41,201,5.4,6,7.4,79.50556473485675,-0.2345672480024735,-0.20325018425060679,94200
5.6,42.3,12108,22955,21954,2069.596,34.637018,2086.87,17.274,40,209,4.9,7,5.5,70.17703636242474,-0.2621833120608753,-0.13221140333403406,85600
5.5,45.6,8490,23443,20609,1571.958,33.664682,1801.725,229.767,40,198,4.9,7,6.0,78.26865487326727,-0.25503617167555664,-0.14534627198515732,105200
5.8,42.2,9370,22218,25928,2736.299,32.83498,2935.197,198.898,41,192,4.4,6,5.8,74.40640380766943,-0.3296722899946424,-0.15477303262660244,93500
5.6,41.5,16220,23008,23738,1453.38,34.332185,1468.018,14.637,40,201,5.0,7,5.6,71.25812456134997,-0.2741515413603814,-0.13879233140844977,102800
5.5,37.6,7391,19131,20658,1048.614,34.390172,1053.069,4.455,40,203,4.6,7,6.0,57.7451208564684,-0.30315954173395926,-0.18981964531227283,84500
6.0,37.2,39565,29856,39125,1484.666,33.082186,1491.331,6.665,41,195,4.3,6,4.7,72.12217702254621,-0.25554938371963537,0.12814730220997606,213000
6.0,43.0,6418,27213,20464,1296.046,33.776498,1312.347,16.3,41,199,5.1,7,4.0,76.96730737637589,-0.22820430767914082,-0.1309238953429747,132600
5.9,47.1,6166,25698,21631,1777.449,34.395669,1838.585,61.135,41,199,5.3,7,6.7,75.23882827002309,-0.2232403115317889,-0.1632409446742431,106900
5.6,39.2,34423,26636,27042,2071.898,34.028535,2081.638,9.741,40,201,4.9,7,5.1,65.81190888504062,-0.26225542538620417,0.03202484169885615,135000
5.6,50.1,17635,34629,31209,2107.076,33.41753,2679.723,572.647,40,195,5.0,8,6.3,77.67400308616908,-0.32864601812510374,0.057873407358338215,197700
5.9,38.3,132726,34430,35754,2033.451,34.892645,2058.692,25.241,41,202,6.2,5,4.3,70.78894595837099,-0.01951491963345333,0.32720832310208703,197400
5.4,39.8,17300,26266,25495,1177.735,34.155796,1198.973,21.238,43,194,5.5,7,5.5,63.69466097955582,-0.21144526975180547,-0.18454269039948795,128000
5.5,40.6,4358,19460,24260,1450.123,32.778323,1457.4,7.277,40,196,4.6,6,4.5,75.15087170317389,-0.3653953066668015,-0.2428747560528125,76000
5.0,46.7,86930,29055,33559,2936.777,33.909269,3250.441,313.664,41,195,4.7,7,6.6,71.80812504051912,-0.2243912628532268,0.2886075901405419,187800
5.4,40.8,7094,24886,25878,1697.266,32.43059,1811.34,114.075,39,199,3.5,6,4.3,69.54363711567628,-0.4822079039686487,-0.08836333285277471,159000
6.1,41.3,17229,26197,29058,1881.788,34.338356,1917.616,35.828,40,205,4.6,7,4.6,81.40339644501357,-0.25293699747884824,-0.03138736945433264,135500
6.1,42.5,24834,33212,31067,1422.317,34.686818,1437.759,15.442,41,203,4.7,7,5.3,77.54636325651657,-0.15156919588241385,0.07223613418698847,217100
5.6,40.7,17184,23482,26992,1848.743,34.483477,1874.733,25.991,45,187,5.7,6,5.3,70.78399851609115,-0.16251542471191063,-0.21181952788684213,108100
5.7,42.0,3897,19510,16798,1062.373,34.15864,1065.088,2.715,40,204,5.1,7,6.5,77.71333885666944,-0.2805037109023984,-0.25462924745863413,79000
6.0,39.1,78043,32355,37960,1810.175,33.892554,1962.509,152.334,41,196,5.1,8,3.8,76.16074484836037,-0.20848552079657387,0.22761043290210925,163200
5.8,40.7,7315,18785,15340,1267.093,34.080701,1279.805,12.712,40,197,4.4,7,7.8,64.79677963900792,-0.26986378161584723,-0.22954619081370128,81800
5.3,40.5,5730,16092,17676,1242.35,34.601805,1256.854,14.504,40,208,4.8,7,8.1,65.68290433470277,-0.2978884399201341,-0.26287613379976654,71500
5.7,56.6,2592,26857,32947,930.142,33.897605,1020.125,89.983,42,196,5.7,7,6.0,79.91140907458399,-0.18706540006826702,-0.2428458633921733,114700
5.5,42.2,10080,26501,26250,1631.788,34.28973,1676.463,44.675,42,199,5.3,7,4.2,74.21645906755266,-0.20307642873917497,-0.17086233533907164,118500
5.7,46.1,21559,31297,25909,1622.197,34.748759,1744.389,122.192,41,202,6.6,5,4.2,74.2337387352493,-0.059045637393609185,-0.1779914369584826,164000
5.5,40.5,19954,21337,19071,2864.788,33.436135,2921.253,56.465,41,195,5.0,8,8.3,66.41820368407892,-0.31167788003037283,-0.10578533621261497,91700
5.7,36.4,30716,28382,25813,1285.687,34.887362,1326.148,40.46,41,204,5.9,6,4.1,70.42123232951822,-0.03710305247171036,-0.1036361417029823,159200
5.8,33.7,92773,30990,35860,1960.798,34.029783,1998.723,37.926,42,195,4.9,7,5.3,61.38452076285984,-0.2945039311255213,0.316955378519494,167500
5.5,42.7,5453,23097,25610,1172.691,34.005278,1196.11,23.419,43,192,5.3,7,3.9,73.81203271614231,-0.18895150149567122,-0.2680480934280782,110100
5.6,38.0,80467,27788,30229,2092.519,34.933239,2121.829,29.31,43,195,5.3,6,4.8,72.14015813348922,-0.03552718305138207,0.09115691847175035,153000
5.6,36.5,27434,24541,25364,1722.512,33.916046,1766.592,44.079,42,194,5.1,7,5.7,66.69738597855408,-0.23776563695425526,-0.0794392781652619,119800
5.5,44.4,7730,24142,20752,1331.697,34.690514,1336.502,4.805,42,197,5.5,6,7.4,66.19246238641442,-0.17280578304891836,-0.27493204965055323,80300
5.6,43.3,8110,19438,14848,2419.46,33.626463,2426.929,7.469,40,196,4.7,7,7.3,74.86943164362519,-0.25364549411574594,-0.20290923975763178,73900
5.5,45.8,8978,27012,29261,1164.189,37.765944,3392.983,2228.794,42,194,4.5,12,4.9,60.70940469758128,0.09804813506589687,0.06945994439631623,173700
6.3,39.4,26522,46241,49949,1866.6,38.024184,1880.636,14.036,42,194,4.4,5,3.7,68.12223618214735,0.303393528123886,0.3502130257530812,376000
5.4,48.0,3968,28048,27269,1153.727,37.787905,1162.263,8.536,47,170,4.7,5,4.2,80.1541820166462,0.3457011479911323,-0.21444809677621804,121100
6.1,45.0,3473,32799,30125,920.143,37.336131,928.567,8.425,41,199,4.1,6,4.1,78.62595419847328,0.12963438249809234,0.03629902724565949,215600
5.9,44.9,8150,28866,29568,1227.484,37.630362,1240.215,12.73,41,199,4.8,5,4.1,78.23454740747974,0.19567139195692204,-0.0773937454606599,159900
5.7,42.7,4402,27889,24808,863.745,37.370725,866.949,3.205,40,203,4.6,6,4.7,79.4513589027178,0.15775702436060016,-0.08766367146487708,160600
4.0,34.8,49806,73078,94711,67.274,38.878337,67.518,0.244,43,185,4.2,7,3.6,47.83418923793003,0.31925439640660247,0.9800014776605264,731700
6.2,45.1,20803,30493,35352,2504.516,38.167807,2514.504,9.988,43,187,3.8,6,3.4,80.3204108403807,0.2781774530461403,0.09215740726456077,219600
5.6,48.9,1173,34463,-666666666,1370.513,38.068988,1384.563,14.05,49,163,5.0,6,4.8,78.3009466865969,0.5643204161673301,-0.16310888234990137,168400
6.1,46.6,23151,34565,34758,1950.315,37.312408,1992.359,42.044,42,193,4.5,6,3.8,83.80096839959225,0.23913572698725252,0.06874525733291605,211600
5.3,46.1,1506,23664,33813,926.503,37.130612,929.101,2.598,53,147,4.0,7,3.6,79.182156133829,0.3779100711818609,-0.2710796287549386,125600
6.3,47.4,9454,37357,40664,1401.707,37.553193,1413.902,12.196,42,193,4.3,5,3.2,87.56083552492368,0.28426778585462315,0.051762828952717874,230500
5.8,44.6,3744,24493,26642,1466.382,36.764531,1474.7,8.318,40,203,3.8,7,6.6,68.60087940604052,0.04096114486601908,-0.11160002222479941,113600
5.4,47.6,5558,22092,20603,1302.149,37.26812,1304.947,2.798,55,138,4.3,6,7.9,78.62294123379787,0.3971846666101302,-0.39405730744616924,69500
5.6,42.9,4037,23045,25274,1501.305,37.573928,1511.403,10.099,41,197,4.7,6,5.9,71.97268893500234,0.13898734472521962,-0.1376206145292303,135600
5.8,43.1,15234,28173,30313,1305.009,37.210151,1313.971,8.962,41,201,4.6,6,4.3,74.14988324576765,0.17757884298598864,-0.07506329490355805,159400
6.2,39.5,7911,35588,40024,1366.252,38.030319,1390.485,24.233,43,191,4.3,6,4.8,81.33770538043862,0.22374145049638125,0.08736400404037052,218000
5.4,48.3,7963,24476,21894,1229.441,36.732426,1237.089,7.648,43,190,4.2,7,4.8,79.55347836320232,0.18982558491741727,-0.20518137744278342,112500
5.7,46.1,3013,24337,23528,1230.946,37.014091,1236.773,5.828,41,200,4.3,6,4.0,64.08886627660476,0.05660274816507736,-0.1603916466348104,121000
6.9,39.0,92424,42734,49748,1096.334,37.378434,1131.707,35.373,42,192,4.1,6,4.1,77.1689325568986,0.17689607036244048,0.48097557487101444,252600
6.8,48.1,3961,42327,41570,456.298,39.115931,461.956,5.659,46,169,3.9,6,3.4,78.75629546726357,0.4797400969980138,0.23469173267697713,366100
5.1,47.9,1514,30433,21360,853.49,37.473129,856.288,2.799,42,191,4.2,6,3.3,71.91915227629512,0.1884143626718565,-0.098315243813436,147900
6.5,39.8,13040,37507,43386,982.211,38.48593,990.783,8.572,43,187,4.1,6,3.5,73.96704036762667,0.30798173622596836,0.18219106434414495,310700
5.8,44.9,2607,29160,36108,770.42,37.520189,776.351,5.932,41,197,4.7,6,4.4,77.17745217745218,0.16698274023056076,-0.12178704498873535,159600
5.4,45.2,3707,25485,18348,856.075,37.137081,864.182,8.107,54,141,4.9,6,6.0,76.55059460229296,0.3615718406350051,-0.4225932580638439,81300
6.0,42.8,7114,30351,34995,1304.619,37.073498,1313.621,9.002,41,197,3.8,7,5.1,76.46678867477662,0.12753339790481186,0.06143131604524558,185200
5.4,46.7,2891,26114,35172,665.944,37.93948,740.738,74.794,42,193,4.2,7,5.4,69.3012494215641,0.15341823451233552,-0.08405331688688632,196500
6.6,38.1,281773,58338,83585,1012.604,38.833743,1052.172,39.567,43,183,4.4,7,4.2,69.45821231636991,0.41412220082060486,1.4890638173578477,576700
6.6,38.1,281773,58338,83585,1012.604,38.833743,1052.172,39.567,43,183,4.4,7,4.2,71.3636564168174,0.4151928695387982,1.488406608750512,576700
7.3,41.2,18099,47642,58408,1676.886,38.744103,1686.665,9.78,43,188,4.2,6,3.3,78.70981568795543,0.4186024707537866,0.4516427989825089,420600
5.5,47.6,4416,27306,21961,985.284,36.931438,987.541,2.258,50,161,4.6,7,3.4,83.88187268784284,0.3604137737723875,-0.20295593482492222,170000
6.2,43.6,7131,44149,42273,740.75,37.830606,751.481,10.731,41,201,4.5,5,3.7,84.38427879356149,0.24827658613417386,0.11117743537121734,234500
5.9,48.0,15475,32084,33117,1788.195,36.99235,1842.902,54.707,40,204,4.0,7,3.9,81.91604071860665,0.03470350295000598,0.006309631007077588,174600
5.9,48.0,15475,32084,33117,1788.195,36.99235,1842.902,54.707,40,204,4.0,7,3.9,53.70088719898606,0.018849412953145246,0.016041347485168393,174600
6.5,40.7,23191,38442,50861,1070.95,39.203637,1076.158,5.208,44,178,4.0,6,3.1,80.26103026103027,0.4448632155029546,0.17800869008247788,265700
5.4,44.7,4375,27679,34667,921.469,37.31193,933.486,12.017,53,146,3.8,6,3.8,76.64079889309993,0.3813108382429269,-0.2033384792484191,127800
6.0,44.9,10259,34565,41853,564.117,37.403541,745.866,181.749,42,195,4.9,9,3.8,81.25185165234721,0.17967428224553497,0.10518776857724252,230300
7.3,48.6,6600,52605,46781,728.862,37.724166,750.85,21.988,43,190,4.2,6,3.4,86.93085249127829,0.2748496220847771,0.3497283967379261,379200
5.5,48.4,4328,24770,19555,1145.228,36.656303,1155.018,9.791,46,181,4.3,7,3.7,82.77574670621507,0.25902250202640925,-0.26738392285705603,109800
6.1,38.5,5372,33913,52040,404.676,38.297981,406.383,1.707,44,184,3.5,5,3.4,78.82616670063175,0.3160500180687131,0.006624688956096287,239100
6.0,39.7,2142,20011,27236,764.633,36.680225,768.726,4.094,40,202,4.1,7,5.5,66.30784459292255,0.03842404227269452,-0.12141676627558369,120900
5.5,46.3,9041,24368,21613,2118.193,36.766461,2148.741,30.548,41,201,4.4,6,5.0,77.12783437397304,-0.037264530515169654,-0.11028055381537791,118500
7.0,42.7,28848,43003,44014,1213.503,37.760166,1227.152,13.649,43,190,4.3,6,3.3,83.54262485925304,0.26373318241508004,0.3210153298172243,288800
6.2,39.1,82894,41437,44003,605.272,37.437521,634.307,29.035,44,188,3.9,6,4.5,66.64029568086016,0.20251071167155338,0.4126265972939241,253900
5.3,48.1,12198,23051,24701,990.241,36.620593,995.54,5.299,39,206,4.4,6,5.2,74.91249005568814,-0.006848752377850207,-0.20019784924853928,97400
5.5,59.5,621,30911,41765,1075.249,38.356672,1077.055,1.806,64,106,4.9,7,3.2,85.37693006357856,1.0784238715525856,-0.35477500709426396,161000
5.9,57.2,3143,48280,38407,345.116,37.703831,599.317,254.202,43,195,3.5,7,4.9,77.23685461633546,0.24282845002474787,0.10105544799355139,236500
5.4,45.4,5586,19126,20208,1127.987,36.702162,1132.885,4.898,52,146,5.0,5,4.8,68.54614071345134,0.2690468892902252,-0.4367820946852354,85500
7.4,36.5,103902,57513,83879,1335.297,39.08113,1349.742,14.445,44,173,4.3,6,3.7,80.4350090265241,0.5581879039910965,0.9291939483388093,534600
6.1,45.3,10249,35894,38799,1285.412,37.971681,1323.151,37.739,44,189,4.4,6,3.7,80.10400985356507,0.24892390212464302,0.05073360344672418,234700
5.8,44.5,3043,21602,23254,1118.054,36.945757,1119.849,1.795,42,196,4.4,6,4.4,70.78145695364239,0.09982956197021028,-0.18709899981960101,123900
6.1,46.4,3715,34434,32731,830.566,38.412059,833.651,3.086,43,187,4.1,6,2.7,77.15318363580437,0.27812320136850077,0.006929782823007971,264100
6.1,53.7,2231,43918,46157,222.555,37.425348,652.579,430.024,42,195,4.9,9,3.9,83.84999419482179,0.2166360421214469,0.13299674132498435,265600
5.6,48.5,7745,28048,27158,1619.999,36.687256,1759.193,139.194,41,200,4.3,6,5.0,72.17733791153303,0.09333670408677727,-0.08808115021041259,148800
5.8,54.7,2932,33992,30893,337.492,37.606828,545.871,208.378,43,195,3.5,7,3.6,74.92938540956462,0.21468215263652754,0.02083879367570584,265500
5.4,29.6,19279,30581,31560,1002.361,37.174885,1008.191,5.83,48,165,4.1,6,3.1,55.4720969718777,0.38359600651371356,0.0012868062504533088,230000
5.5,51.3,4372,38364,34478,1219.51,37.790016,1228.445,8.934,42,192,4.4,5,3.9,77.15684274933714,0.2638268633675034,-0.01259801355591238,233400
5.8,49.8,3311,31959,35522,548.073,37.302629,2059.685,1511.612,41,195,4.4,14,5.9,62.12843400641304,0.1163319325822646,0.09181313206647097,194000
6.1,59.3,3843,38679,45927,495.452,37.856974,739.754,244.302,42,189,4.7,10,4.6,89.3342111760349,0.22976530052685687,0.061515428578515975,270900
5.6,40.8,3707,24394,21867,814.272,37.143696,818.563,4.292,42,195,4.2,7,4.2,65.89259796806967,0.12215888809445373,-0.12305607447387445,151000
6.1,42.7,10037,33313,44104,882.624,38.250439,889.051,6.427,42,196,4.3,5,4.1,78.45883925587613,0.25405572074730054,0.059293125593625706,261000
5.9,45.3,6379,26321,29964,805.113,38.623751,813.451,8.338,46,175,3.7,5,5.3,70.97674418604652,0.3197709032512491,-0.14034737122202884,167900
5.4,50.4,5013,27939,23874,1251.212,36.667327,1258.378,7.165,39,206,4.5,6,4.6,79.08352668213458,0.0980688260350785,-0.1725021642087158,123700
5.7,47.6,18401,26587,23865,2509.546,36.821721,2533.462,23.917,41,199,4.8,6,4.3,74.5815355170156,0.14400876962030557,-0.09345101834570942,125200
6.9,45.5,8220,39850,46118,673.969,37.549404,679.475,5.505,43,190,4.2,6,3.2,93.29856584093872,0.24814661247867814,0.21247925802372616,291300
5.9,47.1,9277,28067,28744,828.428,37.063385,853.644,25.216,50,161,4.0,7,4.7,69.89693846620187,0.38658369339744514,-0.17834586430948027,156600
6.1,49.2,2005,46731,48684,689.525,38.684522,691.594,2.069,44,178,3.7,6,3.3,70.21768707482993,0.45405235763109675,0.20316469948437216,392600
5.9,44.4,2019,24400,31222,495.963,37.942894,560.363,64.4,44,188,4.3,6,4.1,65.09511993382961,0.17473405700927552,-0.09927547733915933,193700
5.9,44.4,2019,24400,31222,495.963,37.942894,560.363,64.4,44,188,4.3,6,4.1,43.94229670103564,0.1628482892076864,-0.09197963617814725,193700
6.3,43.5,24817,37859,40766,648.838,37.331077,650.725,1.887,42,191,4.2,6,3.5,78.02910729641765,0.2574006518762555,0.07084262350051145,207300
6.3,43.5,24817,37859,40766,648.838,37.331077,650.725,1.887,42,191,4.2,6,3.5,53.64192139737991,0.24369749623881923,0.07925403188441028,207300
5.9,49.0,6389,33177,28688,1547.669,37.814517,1556.51,8.841,42,191,4.6,5,4.6,74.87229600675165,0.287472364982837,-0.10791876396732998,206300
5.9,40.9,21762,33276,37463,2199.122,38.511257,2210.182,11.061,43,183,3.9,6,3.1,75.12184678160774,0.35548610632158745,0.07145624391979166,217600
5.7,46.3,6735,22030,19291,1227.193,36.93342,1234.787,7.594,53,145,4.4,6,5.0,75.88488882166087,0.3907290110222447,-0.3658547193807541,89200
5.4,47.6,5432,23702,20927,1387.017,36.712778,1395.069,8.052,48,162,5.0,5,4.0,81.73855089022184,0.23360466477910843,-0.35085875108891007,106900
5.9,44.5,11437,40163,34089,1317.723,38.856204,1326.525,8.802,47,164,4.1,6,3.8,71.59837492745211,0.4289007813589819,-0.01260598760459407,214900
5.5,45.4,8572,23016,19926,1167.898,36.842318,1171.424,3.526,55,142,4.5,7,4.4,70.52546808938997,0.483773504168441,-0.34003542035593226,99500
5.9,46.7,4662,27232,35733,1551.777,36.720173,1560.025,8.248,40,204,4.0,7,3.7,74.27104346231432,0.09494920548895792,0.0013841815792663373,176600
6.9,38.5,34302,38731,55887,1039.871,38.182311,1072.918,33.048,44,189,4.4,6,4.1,79.07077207251494,0.3205199863483776,0.2635211381027499,289200
7.7,35.7,37758,43401,62422,696.592,38.418933,725.011,28.419,43,190,4.2,6,4.1,78.31694870095713,0.3727220104363939,0.4398437670108619,356000
5.7,50.0,1859,31136,34867,722.476,37.119761,803.693,81.217,43,195,3.6,7,4.3,70.33596531970893,0.15562064854828106,-0.03713323191622842,201000
5.8,41.0,2486,24391,31432,1269.664,36.926645,1276.42,6.755,43,195,3.6,7,6.6,70.45009784735812,0.12390496392292721,-0.09724637267921223,123200
5.7,45.3,10995,25648,23160,1343.805,37.125395,1346.72,2.915,55,138,4.3,6,5.7,74.27028936148743,0.461260429847452,-0.3132423853059992,102600
5.9,41.5,10046,32660,41033,552.872,38.908187,561.356,8.484,45,170,4.1,6,4.1,75.32377959996934,0.4116268742021455,0.02007917081442099,251600
5.8,46.4,14552,28987,27567,1452.918,36.747813,1465.917,12.999,51,154,4.7,6,3.9,77.13245160053671,0.4484372353640047,-0.21767078071888687,159000
5.8,48.1,4546,33754,34068,594.077,38.109191,655.18,61.103,43,188,4.2,7,4.8,72.90093542206695,0.2302110695499196,-0.013001201552033216,201000
5.5,41.6,9771,21508,21311,1044.253,36.974561,1049.538,5.285,57,132,5.1,6,5.8,70.5931137039579,0.4643357173049589,-0.4125855445675085,87300
5.9,45.9,8091,31645,32649,1196.119,36.901471,1203.43,7.312,43,190,4.2,7,4.7,78.61928649103729,0.255351129951959,-0.15148841215964862,130000
6.7,39.6,19009,41994,48830,271.379,37.220914,556.74,285.36,42,195,4.9,9,3.7,71.30046856988878,0.25968092645485236,0.29888449051768684,338200
5.9,39.9,4866,21675,19473,1313.334,31.739712,1326.751,13.417,40,194,3.5,7,4.3,76.74107142857143,-0.4573127781386092,-0.17569187425292554,87100
5.5,35.9,2054,20887,23306,878.994,31.300562,892.338,13.343,40,198,3.6,7,3.1,70.4973442781265,-0.5942180768833698,-0.2242971267425469,63400
5.5,36.5,2436,19882,20313,669.708,31.563327,740.277,70.569,42,190,3.5,7,4.1,73.15137437088657,-0.4506296219488036,-0.226755335706388,82300
5.7,52.2,852,25691,18654,885.63,31.319622,904.264,18.634,39,201,4.4,8,6.5,69.8670126500162,-0.4984629687792478,-0.24737142364398598,108100
5.3,35.8,10219,26934,26492,667.812,33.059532,692.591,24.779,42,192,5.5,7,6.2,58.41191066997519,-0.3063278890960554,-0.17971768244111058,128800
5.9,41.5,5230,24303,21416,601.112,34.351922,605.763,4.651,44,191,6.1,6,3.3,72.2010582010582,-0.06822643255890165,-0.2732668993012734,164500
6.4,36.0,20634,25849,37105,415.199,33.992009,422.016,6.818,46,178,6.2,7,3.7,76.30400730170085,-0.017167759238633756,-0.15716203670440088,169900
5.8,38.2,27822,27047,32852,1190.214,34.240918,1217.588,27.374,46,176,6.4,7,4.6,69.17002799791202,-0.10592163274522147,-0.13799436832989134,178500
5.9,39.8,4941,20545,19747,1170.408,31.274308,1185.911,15.503,39,199,4.0,7,4.4,66.23888918108662,-0.5933507957809304,-0.17173981598178525,95200
5.5,36.3,34635,25519,26538,646.88,32.808844,661.394,14.514,42,192,5.6,8,6.6,53.58248667923321,-0.34499171405855544,-0.10915591561528565,125300
5.9,36.0,3064,20502,27862,559.1,32.435403,567.548,8.447,41,193,5.1,8,6.1,73.64381198792583,-0.3850838671054173,-0.23528793115551813,101900
5.9,40.8,4253,18883,17835,1145.713,31.197334,1158.249,12.536,41,199,3.5,6,4.7,76.87818336162988,-0.5728339209053921,-0.19080331262083444,92800
5.6,43.6,4118,26115,18528,1276.982,30.833696,1289.297,12.315,39,205,3.9,7,5.0,69.18234912394549,-0.6335937345499066,-0.163232573203298,94200
6.3,34.1,10415,32825,41955,1129.148,32.017969,1177.035,47.887,41,188,3.8,6,3.8,71.74442031450326,-0.31967752587624493,0.11398189051582236,227400
5.7,29.2,17002,25121,27662,1742.568,32.393408,1783.532,40.963,41,193,4.2,7,5.1,55.40413872665657,-0.49507863921795275,-0.003147610156278859,147100
5.9,38.1,5530,24050,25018,2141.836,33.063737,2162.595,20.759,42,190,4.8,8,6.4,71.64906943450251,-0.3253652145457178,-0.13431811306293814,89900
5.9,38.9,6142,25343,34971,477.576,33.290355,487.024,9.448,44,186,6.0,7,5.1,68.06377079482439,-0.2325458685829888,-0.24191069735565124,156700
5.3,39.6,1216,15461,18684,726.147,31.521279,734.463,8.316,40,191,5.3,8,4.9,63.93850327831788,-0.44892293302458586,-0.33971337466863005,48700
5.7,33.3,14275,29449,39758,1587.728,30.916358,2025.021,437.293,38,203,2.7,6,3.9,60.01493194479009,-0.6071534995264398,0.0838865260841468,171400
5.2,40.2,2722,20897,18849,629.481,32.403986,644.539,15.058,41,195,4.5,8,4.0,63.09568835098336,-0.4240201264840606,-0.24231693348151268,89800
5.8,35.0,30239,26495,33580,1292.6,33.582237,1304.928,12.328,47,168,6.2,7,4.8,69.7414189429491,-0.1183292321731861,-0.15253036132419864,147400
5.7,40.8,18119,28537,30828,419.991,34.899393,420.771,0.78,48,169,6.3,6,3.2,75.83768690326067,0.05876533098763012,-0.2523555176987902,151300
5.5,40.5,2623,19228,24284,2003.554,30.779904,2026.34,22.786,42,195,2.8,5,3.5,73.79188415558174,-0.5991705261314754,-0.16388331849567667,87200
5.7,35.9,66947,33106,41765,1104.466,31.974756,1637.551,533.086,39,198,4.0,8,5.7,56.12154159091318,-0.4584883922436432,0.27384491792299553,209200
5.7,24.0,1941,23894,37250,644.224,32.347445,650.516,6.293,43,182,6.1,7,6.1,20.18231021222048,-0.37059531841279225,-0.3037334027054045,82000
4.9,40.0,5712,18523,20541,811.542,34.474179,812.113,0.571,49,161,6.5,6,6.4,68.91416663048669,-0.013602462698367528,-0.47453527320428895,77200
6.8,39.0,68321,38153,47147,1092.13,34.244317,1125.104,32.975,47,177,6.7,7,3.3,77.15651277169601,0.11711115264373537,0.1537840066830386,271300
5.2,28.3,24265,25343,25685,308.728,33.952234,313.48,4.752,44,189,6.2,7,4.9,42.82289403761435,-0.22738005075220813,-0.15212974010690777,186800
5.3,53.1,671,22389,22583,506.036,31.619831,562.635,56.599,41,188,5.6,8,12.3,75.50382209867963,-0.4133518411756117,-0.38323934391830367,70500
5.6,32.5,64979,21804,34333,366.664,33.552242,373.817,7.153,46,177,6.0,7,8.6,50.68735827664399,-0.24050619611327886,-0.1025894533064378,122100
5.6,38.8,1668,17539,18125,2072.567,30.917653,2134.132,61.566,42,194,3.6,6,3.3,78.82352941176471,-0.5805406669782919,-0.20642863120684327,71800
6.3,36.8,190378,41480,51894,879.428,33.93994,892.297,12.868,47,175,6.2,7,4.3,68.08036192885783,-0.10007658060631255,0.6318897203571234,273900
5.5,36.9,10103,20659,21255,1489.495,31.549245,1560.857,71.362,42,191,3.7,7,5.1,61.93286424049835,-0.44672096376854803,-0.1601837206376971,106400
5.5,37.3,10212,20530,20146,1409.351,31.189758,1441.689,32.338,39,201,4.1,8,4.2,61.85873772288968,-0.6115886474418135,-0.17621714984847087,92600
6.8,37.1,36301,35349,49720,751.329,33.550556,796.692,45.363,41,195,4.6,7,3.2,80.88469566235135,-0.24182691648269164,0.19306667758338633,215200
5.7,37.5,4284,20769,19187,588.346,31.152935,603.993,15.647,39,201,4.3,8,4.3,62.48239436619718,-0.5776572231825586,-0.21943665315837702,93400
6.5,39.0,39651,36884,41874,1141.905,33.352897,1154.66,12.755,46,177,5.3,7,4.4,76.76923394561709,-0.0978172976552732,0.08954578764815974,225000
5.6,44.6,3259,24404,25294,841.456,32.709446,845.511,4.055,42,188,5.1,8,4.4,75.72631231429516,-0.3499018793065148,-0.2110111270304783,121500
5.9,40.2,5948,25402,20300,705.988,31.914753,727.66,21.672,41,193,5.0,8,9.7,55.06400687565025,-0.43272737449301196,-0.2435812029627708,83100
5.4,42.7,4390,24964,24837,450.609,34.852424,451.073,0.463,50,158,7.0,6,3.4,72.55205876406767,0.12493867457401543,-0.44440009789150464,128500
6.1,43.8,7015,36110,41240,546.046,34.442842,555.315,9.269,47,179,7.0,6,3.5,81.69075777485764,0.12753483648836506,-0.13949390712926685,241900
5.8,35.9,164226,37523,47141,693.034,33.770661,702.254,9.22,45,182,5.4,7,6.2,56.78642486027612,-0.1951238217939219,0.5664929260586355,235300
5.6,38.0,6710,21810,20984,1546.585,30.877961,1613.997,67.413,40,196,4.3,7,4.6,59.16440457925174,-0.5904025279656115,-0.20012738402502486,115000
5.7,41.9,5240,21144,19760,1284.349,32.160656,1303.058,18.709,41,193,4.5,8,5.4,71.57482847341338,-0.3770367278100208,-0.21681604438447102,86600
6.2,42.7,3471,25198,26536,1015.12,32.151995,1028.961,13.841,41,193,4.4,8,8.8,66.09665427509293,-0.39086788995148625,-0.16641729086349855,81400
5.5,35.8,20147,22647,27510,851.299,31.535068,866.694,15.395,40,193,4.7,8,8.1,43.61494758361661,-0.4723965497608417,-0.1655288078857185,106200
6.3,36.6,35358,29083,39660,518.171,33.699317,520.655,2.484,46,173,6.0,7,5.8,67.9402178455024,-0.03036478668216455,-0.08924927615171802,171300
5.5,40.1,2754,21992,21061,1327.612,31.324191,1337.329,9.717,41,190,5.6,8,6.1,59.99801626661376,-0.4428032559267678,-0.3136646513461765,120700
5.3,40.3,1097,23768,21000,1074.572,30.7085,1089.659,15.087,41,199,3.5,6,3.5,72.21095334685599,-0.6486267572241448,-0.1705861039323009,76000
6.3,36.0,15810,32608,36434,1237.236,32.361711,1250.784,13.548,39,198,3.8,6,3.8,78.8509682942193,-0.4403668112593273,0.08328688172316713,170600
5.5,43.3,5133,23368,19053,909.229,34.115017,969.216,59.987,42,194,5.6,6,6.2,71.31229850430738,-0.23914719812248827,-0.31302268616131507,87400
5.2,36.9,5645,19310,19362,1762.756,32.5911,1787.562,24.807,41,195,4.3,8,6.6,60.11835960978316,-0.3879083378279942,-0.21955098626745084,74700
5.2,37.4,2790,20990,27031,473.586,32.151902,483.99,10.404,41,193,4.2,7,4.6,57.84130113356333,-0.5284731168516226,-0.19308734639296884,97700
5.4,52.3,7725,29845,26924,1001.608,34.863837,1015.172,13.564,49,168,7.1,6,3.7,78.51649424165528,0.17680899848472542,-0.3509320281774978,206900
7.4,43.4,31765,44668,50796,503.344,33.412717,516.241,12.897,46,177,6.0,7,3.7,82.57655568048018,-0.02511976937117384,0.1665023284847072,293400
5.6,38.4,25405,27418,29678,1320.662,34.263677,1342.818,22.156,47,170,6.5,6,4.7,62.40878641865832,-0.054716246027074436,-0.23922116192292714,137600
7.7,38.8,65025,46470,57263,580.211,34.225143,640.157,59.947,45,186,6.7,7,3.1,85.42982359473412,0.14293612196446548,0.34984823253623065,362300
5.8,41.2,6170,24338,20536,677.273,34.375155,690.105,12.832,43,195,6.3,6,4.3,71.48017660437944,-0.10726200701370629,-0.2919163308908262,120500
5.4,35.7,229604,49369,52042,1363.977,33.790034,1383.895,19.917,46,179,6.3,7,6.2,56.50167393201366,-0.04976896761044169,0.9878621145991753,326700
5.4,47.9,8448,27789,30938,1104.734,34.690541,1116.923,12.19,49,168,7.1,6,3.8,72.51910879817856,0.182738874651667,-0.3027883825374192,205800
5.4,43.2,727,24258,21989,372.284,33.227491,374.132,1.848,41,195,5.3,8,3.3,68.30695113558156,-0.31822087842012253,-0.2198750656160053,82600
5.6,42.2,22560,33975,34844,1087.155,31.212747,1515.785,428.63,39,199,3.4,7,4.9,64.74095444163962,-0.5336380511307659,0.09682701785764312,194300
5.8,38.4,14905,25114,25012,921.539,34.509667,927.327,5.788,48,172,5.8,6,4.1,65.31722160044767,0.006486827024826694,-0.29538252372784274,148300
5.5,39.4,6446,24272,19013,1177.219,30.875863,1192.078,14.859,39,201,3.9,7,3.8,64.02983249786037,-0.5862084695337723,-0.15455052497276767,121700
6.3,50.7,5031,42339,26160,1003.453,33.576836,1052.081,48.628,43,194,6.2,7,5.3,73.74368292544432,-0.13547119469050684,-0.06793024701575504,241300
6.4,35.5,225267,31935,44859,1114.687,33.959101,1131.243,16.556,46,177,6.2,7,4.5,68.52843615270729,-0.02917801828451419,0.5546980873998092,235700
5.8,39.3,10272,24060,26688,716.752,34.635108,722.672,5.92,45,187,6.7,6,4.4,81.15450703571263,0.03410433480444321,-0.2702626593470524,155200
6.0,37.2,49002,30459,36465,1017.3,34.317588,1111.868,94.568,44,190,6.5,6,3.4,68.45720235890144,-0.017150385033069013,-0.04322357709663201,212700
5.3,47.6,1930,17802,23500,1222.061,33.26922,1239.776,17.715,42,190,5.4,7,8.5,71.8806361698639,-0.28404335089485905,-0.3518376174309559,80400
5.8,40.4,8312,27507,22481,730.804,33.795165,733.42,2.616,47,171,6.2,7,4.5,71.33155883155882,-0.09595773047406315,-0.2846836660950086,144200
6.8,43.3,9948,37882,45165,1201.414,32.731549,1224.95,23.536,44,179,6.1,7,3.3,88.47970891164647,-0.17828563836475292,-0.002561730408627471,230400
5.9,44.3,6767,24443,25605,601.897,34.348733,665.492,63.595,43,193,6.3,6,4.6,74.59153582529689,-0.07939496747799225,-0.2777219681484908,149100
5.4,42.4,3245,23498,22397,766.715,33.290968,779.831,13.116,46,173,5.6,7,4.9,69.36162900592835,-0.18258895182189694,-0.3091927408761916,114500
6.6,37.1,58925,31173,45935,834.305,33.452881,845.752,11.448,45,183,6.0,7,5.5,72.91202599648837,-0.14764363653800636,0.0467426351522756,189600
5.9,35.6,40727,30616,35414,972.646,32.458381,983.991,11.345,42,189,5.5,8,4.4,69.01764043700913,-0.306572446314358,0.03767157832898705,157200
6.0,39.7,2261,21123,21667,917.744,31.604306,939.551,21.808,40,193,4.0,8,5.5,70.53019624850916,-0.4154991432654026,-0.2093163459311975,83200
6.6,38.4,19184,29724,37970,879.723,34.134157,888.623,8.9,44,189,6.3,6,3.0,79.50158000574548,-0.0007982524299555481,-0.1159531366195857,210100
6.0,43.2,4175,24270,27527,953.543,33.314905,967.269,13.726,43,189,5.5,7,4.3,80.1258671243653,-0.21552413752075336,-0.24361912321233684,145000
5.7,40.0,3787,21178,21603,1363.589,33.051874,1371.831,8.242,42,191,4.9,8,6.1,63.00701637153357,-0.3414595008611194,-0.23424229332218635,85600
5.6,41.9,2066,14212,14490,899.449,32.794563,912.901,13.452,41,194,4.8,8,5.6,72.90902638116646,-0.38753904852527427,-0.33956850408581096,61300
5.3,41.6,2243,21093,22286,784.793,32.689831,794.072,9.279,41,195,5.0,8,4.2,72.0696281225274,-0.34475174207878173,-0.2730311229719625,68900
6.0,40.4,7969,27555,34886,1020.282,33.020226,1024.124,3.843,45,184,5.9,7,3.8,78.4726631393298,-0.19087336882411773,-0.1583631204773441,149700
5.9,38.5,3730,24576,32027,475.263,33.07446,481.309,6.046,45,183,6.1,7,5.4,75.46047363001945,-0.19508770392616828,-0.2704129618774505,145800
5.5,37.0,2540,18788,19366,479.824,31.038197,517.45,37.625,41,195,3.7,7,4.7,61.53846153846154,-0.5825592792694332,-0.2432692387868926,117800
5.5,39.4,11513,23694,18754,2090.886,32.39322,2119.828,28.942,42,190,5.0,8,5.2,60.22208831884307,-0.3472052128721426,-0.188329239378482,99600
6.1,37.1,8288,29379,44725,921.476,31.818419,936.884,15.408,40,193,4.7,8,3.6,76.32395495589722,-0.3628220040415664,-0.04592249592537987,166900
5.6,28.8,16734,24121,38514,1268.579,31.807245,1560.539,291.96,41,187,3.8,6,5.3,45.44893293954715,-0.3914617181186856,-0.08941580441364,133700
5.6,47.0,2225,24074,21012,544.881,33.792151,666.398,121.517,41,198,5.6,7,4.6,72.93050587634133,-0.25022519712685987,-0.27663170646647894,132300
5.7,31.6,4182,22553,26429,1036.755,31.749563,1045.872,9.116,41,190,3.6,6,3.8,64.10350426902728,-0.3857642272482404,-0.14213214308784075,129800
5.5,30.6,26870,24580,24211,1284.806,30.83368,1322.384,37.579,39,204,3.6,7,5.2,54.33071568006989,-0.614395979717529,-0.021897962860747164,145900
5.7,36.3,7780,29361,23824,732.793,34.568149,736.066,3.273,47,179,7.0,6,3.4,70.7796739199391,0.08799154357673866,-0.2687832400726838,199100
5.8,40.0,2916,20198,14877,1037.654,32.366216,1051.513,13.859,42,191,5.1,8,8.3,59.36704256093125,-0.4182441856618472,-0.3026172612763544,68600
5.7,40.5,8078,24772,30232,731.182,34.128486,739.669,8.487,42,194,6.3,6,4.0,74.39618463634815,-0.06570089676230971,-0.2767194622485204,143200
5.5,44.8,2525,23617,21500,947.944,32.359538,951.77,3.825,44,184,6.0,8,4.5,78.33991149384045,-0.2976407656607704,-0.27839655495112275,109400
5.9,38.2,5773,23355,27094,666.82,33.482464,689.941,23.121,43,190,5.5,7,6.2,68.1826795527762,-0.23815956522191353,-0.25522148843711084,115100
5.6,51.0,4323,28352,22617,1098.929,31.482978,1486.377,387.448,39,197,3.3,7,4.9,82.95510781194768,-0.5046930789980449,-0.02558462701108964,152700
5.4,42.2,5618,22905,17484,1298.162,33.03022,1308.996,10.834,47,175,5.5,7,7.0,67.1273777991813,-0.21802057214550186,-0.31895922440656554,112500
5.4,42.8,1592,24492,17771,731.467,31.162908,734.683,3.216,39,197,4.8,8,3.3,64.44404397188683,-0.46304606871516385,-0.22986354091133895,99400
5.7,39.1,5273,19377,29236,1326.293,31.22894,1330.797,4.504,39,201,4.4,8,6.5,60.99348122694425,-0.4900797472430645,-0.2565685485537515,94200
6.7,42.9,6865,34630,27352,1024.751,33.017435,1030.326,5.575,45,185,5.7,7,4.2,82.92562485755526,-0.15098601198961897,-0.10402920784858437,175000
5.8,40.0,2216,23744,23009,620.363,32.172108,633.752,13.389,40,193,4.6,8,4.7,73.31154684095861,-0.36036180561742015,-0.21854292428554867,92200
6.4,44.1,5390,34205,37761,899.631,33.593732,918.463,18.832,43,189,6.2,7,4.3,73.69774919614149,-0.1188117339902109,-0.091753696518492,230400
5.4,38.8,10939,23208,26102,892.164,34.797097,897.852,5.688,47,176,6.3,6,5.4,68.701150878968,0.015161695893439056,-0.34846902090178317,122100
5.6,34.4,44873,26709,29351,560.435,32.510197,572.404,11.969,44,179,6.1,7,6.5,49.30262920465763,-0.29887952901911213,-0.11322434174987829,142900
6.3,36.5,27747,25394,35625,704.895,33.544046,723.119,18.225,44,184,5.4,7,5.7,71.09925155771855,-0.18380755639889984,-0.1342321980109667,159200
7.1,40.1,11270,49099,44086,477.308,33.834125,482.701,5.393,43,191,6.2,7,2.7,84.27196921103271,-0.030689112731695636,0.15221829133025583,304400
5.9,42.7,3762,25884,23194,1137.035,33.866806,1144.874,7.839,44,189,6.2,7,3.7,78.35390394419105,-0.1499015444546772,-0.233497301807466,133200
6.5,36.3,43048,29766,46854,808.643,33.920903,814.141,5.498,47,174,5.5,7,3.8,76.53394096373766,-0.0688232187409912,-0.039297107486567534,184000
5.5,38.0,6639,25929,24036,389.191,32.571324,391.867,2.676,42,188,5.1,8,6.0,66.87967581047381,-0.3365333832458517,-0.19553385291132258,140100
6.0,46.1,8791,32501,29898,601.026,34.456621,602.722,1.696,49,172,7.2,6,3.6,76.84413287861564,0.18636442123256064,-0.246189201149178,196400
6.1,39.0,4927,23832,25447,819.715,31.353988,888.961,69.246,41,199,3.5,6,4.0,75.26617954070981,-0.5256272447382069,-0.15556422944458007,101700
6.2,40.6,4494,29024,33663,559.659,33.090769,568.256,8.597,45,179,6.0,7,3.7,86.27879052505185,-0.13676530611718762,-0.1644844574488856,181700
5.6,37.3,10716,24258,27693,803.755,33.995961,808.441,4.686,48,168,6.1,7,4.8,65.61794012033008,-0.10000626952635787,-0.32969098912579564,121900
5.4,41.0,2448,20693,26074,644.987,32.238794,650.622,5.635,41,193,4.7,8,4.7,64.25080586461475,-0.37853023112298967,-0.2357678223879865,109500
5.9,47.8,6261,34294,33623,892.611,33.321061,934.174,41.563,42,190,5.9,7,5.3,73.20375829034636,-0.1960677205786966,-0.1820917347162216,165800
5.3,56.9,566,22827,28014,391.703,31.861487,415.861,24.158,42,184,6.0,7,5.4,71.35371179039302,-0.35698056005437856,-0.4111868499017573,70200
5.8,49.8,4442,30875,25440,958.277,34.883026,976.122,17.845,45,190,7.5,5,4.0,75.1752728159483,0.12052196675067757,-0.3516120012788113,185500
5.0,39.9,1690,15931,17099,1109.127,31.762651,1115.957,6.83,41,188,5.6,8,6.2,47.11051534107835,-0.4191132173916438,-0.4170765818813304,76100
5.6,34.4,42892,23842,30851,840.0,33.361487,851.047,11.047,41,195,4.8,7,6.4,51.63029057516714,-0.35892483039472783,-0.04657371822361025,115300
6.3,38.5,22677,29098,39917,336.162,33.652081,342.132,5.97,45,184,6.0,7,6.1,67.39792604537615,-0.15033876353225978,-0.14172190149271152,170100
5.7,39.1,1481,21857,15902,432.284,32.263441,434.66,2.376,42,188,5.4,8,3.8,78.90699904122724,-0.32530416668694623,-0.2790780849076304,134800
5.7,41.9,3187,23912,21605,1670.804,32.744751,1698.693,27.889,40,195,4.7,7,6.9,69.63192446706499,-0.34329785529347984,-0.19329297404914988,85700
5.2,45.1,2166,28132,24931,609.233,30.933894,664.477,55.244,40,194,4.7,7,4.7,66.2102146558105,-0.4880545432902988,-0.3095399143940274,92100
5.6,39.0,17683,30491,28650,508.852,33.262389,516.937,8.085,45,182,6.0,7,6.3,63.84982323973015,-0.1947594922910818,-0.23756829111296635,134800
5.8,41.6,6609,22975,19654,463.948,34.552914,477.07,13.122,43,196,6.5,5,5.3,75.0198507225663,-0.013034228967818905,-0.34095911959195857,123800
5.8,39.2,1099,17244,21406,1188.114,32.073225,1200.751,12.637,43,185,5.4,8,5.1,73.45385347288297,-0.37441372739204637,-0.39323039231960416,44100
5.4,35.7,7109,21927,23062,1250.18,32.042203,1275.968,25.788,42,189,5.0,8,7.3,57.03345134022108,-0.39082253455503435,-0.2425581159141351,122000
5.9,50.3,1927,23687,22850,1013.692,32.704603,1022.429,8.737,44,182,6.0,7,6.1,77.71355170199101,-0.2641074315928854,-0.36140415248551605,98800
5.6,45.2,442,20979,19500,504.032,33.559314,505.947,1.916,42,197,5.8,7,6.4,81.11668757841906,-0.23835766014695087,-0.4118288927092351,63500
5.2,37.7,5773,19245,24964,1241.648,32.043768,1264.818,23.169,41,193,4.2,7,3.9,70.83072753804461,-0.5034520889262725,-0.1990292209265279,89800
5.7,44.0,2315,21770,20317,975.612,32.554667,983.416,7.804,43,186,5.6,8,7.8,65.92424814395369,-0.3282474890739259,-0.3800818733382971,87100
5.1,42.1,3121,17518,15235,1132.611,31.913639,1149.978,17.367,41,193,4.3,8,9.0,72.60694871188844,-0.40520295534700035,-0.3171626390131831,69300
5.4,40.3,2222,19987,25975,868.784,31.777191,874.647,5.863,41,189,5.5,8,7.8,48.50486369640927,-0.4333973383037996,-0.34623436068598207,93400
5.7,39.5,12289,27937,29425,1410.496,30.864616,1430.238,19.742,40,201,3.9,7,5.6,62.72679553597919,-0.5738977520655509,-0.0982686370496003,150300
6.6,36.1,9828,24191,26463,670.586,31.457003,696.161,25.575,41,193,4.6,8,4.5,62.09725731253093,-0.37088841818999946,-0.18828439660992702,123000
5.5,36.9,6458,24797,24002,942.768,32.126698,960.867,18.099,40,194,4.5,8,5.3,61.586284853052,-0.3646368008220895,-0.19995649411035848,97800
5.7,53.5,3403,27763,32332,431.396,34.90265,445.433,14.038,45,190,7.5,5,5.2,80.52089973590748,0.12568328205248744,-0.3643162429302641,241900
5.4,39.1,1584,24390,11921,516.537,32.409586,524.342,7.806,41,193,4.4,8,5.2,65.41832669322709,-0.35361565834232306,-0.2732882940037234,71900
5.6,36.7,17080,24660,25181,1072.224,33.034482,1155.036,82.812,47,172,5.8,7,5.5,61.34981847872045,-0.16440878085983016,-0.26924826623119325,138300
6.4,39.7,2179,19653,25319,739.165,31.718232,751.046,11.881,40,195,4.4,8,7.8,63.35716176859941,-0.40062789790868375,-0.3015232296712962,73600
5.5,47.2,1998,22534,19184,928.246,32.665847,939.218,10.972,41,192,5.1,8,6.2,83.7100737100737,-0.31773311312247954,-0.28040289607646,71800
5.3,55.2,6946,30885,22277,833.785,34.83377,852.118,18.333,44,189,7.0,6,3.6,78.3335470907614,0.08291406729822458,-0.3077879226182342,199000
5.4,42.2,5968,22423,25153,837.697,32.881837,848.36,10.663,45,179,6.0,7,5.5,63.18625930521092,-0.21906519273139383,-0.352441149572264,102800
5.7,41.7,18599,25157,24354,1156.117,34.735827,1157.79,1.673,48,168,6.3,6,3.8,73.33048260811866,-0.03787170449075607,-0.3279527977926724,121600
6.5,39.1,24301,28436,34010,843.508,33.782649,854.696,11.188,43,188,5.6,7,4.0,76.1817670230726,-0.12053157212774292,-0.08747377087749128,210500
5.9,39.3,8317,20221,22948,2311.462,31.050881,2351.678,40.216,41,199,3.3,6,4.8,65.30360102455928,-0.5547978217880563,-0.17074582887122902,86800
5.5,45.2,1519,24547,26563,736.329,33.419169,742.518,6.19,42,195,5.1,7,5.5,63.45559845559846,-0.27844123498245144,-0.32818882899115115,64600
5.7,41.0,5225,20535,18770,1757.183,32.971848,1772.473,15.29,42,190,5.1,8,6.4,65.95338173481086,-0.3058643203419285,-0.26513110493029995,92500
5.9,38.2,7242,21763,19330,1662.194,31.547845,1680.374,18.18,41,192,3.5,6,4.8,61.68046743377425,-0.5119323897714305,-0.13499382174398228,116000
5.9,43.9,649,22034,16953,541.614,32.046554,544.58,2.966,43,185,5.4,8,5.6,92.7216415021293,-0.33965492607208614,-0.3727793373254438,69700
5.0,27.8,1036,15186,15283,765.301,32.109276,777.691,12.39,41,193,4.3,8,7.1,67.7252106286455,-0.4061307708720498,-0.3342343769033867,55500
5.3,46.7,8733,28340,33804,623.375,34.643677,627.315,3.94,44,189,7.0,6,3.2,74.52501100687506,0.08456266565548341,-0.29153753394418797,182700
5.6,36.2,26056,24361,27221,752.297,34.801726,753.827,1.53,47,176,6.3,6,4.9,65.57353070239593,0.027495046299289463,-0.30089632350591694,142800
5.5,40.7,1754,16471,17195,978.25,31.962717,989.694,11.444,42,190,5.0,8,5.8,75.23980815347721,-0.36372626541104247,-0.32586979247783976,62000
5.4,45.8,2531,23265,19885,1215.974,33.77904,1227.899,11.925,42,197,5.8,7,6.3,62.18001651527663,-0.2221030874270646,-0.3236513801050997,79000
5.3,43.0,2028,22987,22289,1158.522,32.804321,1170.545,12.023,42,190,5.6,7,5.1,74.81054179391472,-0.28507606759062554,-0.3339997551901138,70100
5.7,42.6,5995,26533,30539,1478.111,31.551773,1488.61,10.498,40,195,4.7,8,5.1,67.63277843836703,-0.39736611186294407,-0.1876481161185884,93400
